{
  "type": "silentgear:simple",
  "parent": "silentgear:empty",
  "crafting": {
    "can_salvage": true,
    "categories": [
      "metal",
      "advanced"
    ],
    "gear_type_blacklist": [],
    "ingredient": {
      "item": "cataclysm:black_steel_ingot"
    },
    "part_substitutes": {
      "silentgear:rod": {
        "item": "cataclysm:black_steel_ingot"
      }
    }
  },
  "display": {
    "color": "#000000",
    "main_texture_type": "HIGH_CONTRAST",
    "name": {
      "translate": "material.silentgear.black_steel_ingot"
    },
    "name_prefix": ""
  },
  "properties": {
    "silentgear:main": {
      "armor": 14.0,
      "armor/boots": 3.0,
      "armor/chestplate": 4.0,
      "armor/helmet": 4.0,
      "armor/leggings": 3.0,
      "armor_durability": 24.0,
      "armor_toughness": 3.0,
      "attack_damage": 4.0,
      "attack_speed": 1.0,
      "charging_value": 2.0,
      "draw_speed": 3.0,
      "durability": 197.0,
      "enchantment_value": 29.0,
      "harvest_speed": 24.0,
      "harvest_tier": {
        "incorrect_blocks_for_tool": "silentgear:incorrect_for_diamond_tools",
        "level_hint": "3",
        "name": "diamond"
      },
      "magic_armor": 14.0,
      "magic_damage": 5.0,
      "projectile_accuracy": 1.1,
      "projectile_speed": 1.3,
      "ranged_damage": 1.0,
      "rarity": 63.0,
      "repair_value": 0.5,
      "traits": [
        {
          "conditions": [],
          "level": 5,
          "trait": "silentgear:ancient"
        },
        {
          "conditions": [],
          "level": 2,
          "trait": "silentgear:crude"
        },
        {
          "conditions": [],
          "level": 2,
          "trait": "silentgear:cursed"
        }
      ]
    },
    "silentgear:rod": {
      "durability": {
        "operation": "MULTIPLY_TOTAL",
        "value": -0.2
      },
      "harvest_speed": {
        "operation": "ADD",
        "value": 2.0
      },
      "traits": [
        {
          "conditions": [],
          "level": 1,
          "trait": "silentgear:bending"
        },
        {
          "conditions": [],
          "level": 4,
          "trait": "silentgear:ancient"
        },
        {
          "conditions": [],
          "level": 1,
          "trait": "silentgear:cursed"
        }
      ]
    },
    "silentgear:tip": {
      "attack_speed": {
        "operation": "ADD",
        "value": 0.2
      },
      "durability": {
        "operation": "ADD",
        "value": 80.0
      },
      "harvest_speed": {
        "operation": "ADD",
        "value": 2.0
      },
      "harvest_tier": {
        "incorrect_blocks_for_tool": "silentgear:incorrect_for_diamond_tools",
        "level_hint": "3",
        "name": "diamond"
      },
      "traits": [
        {
          "conditions": [],
          "level": 2,
          "trait": "silentgear:malleable"
        },
        {
          "conditions": [],
          "level": 4,
          "trait": "silentgear:ancient"
        },
        {
          "conditions": [],
          "level": 1,
          "trait": "silentgear:cursed"
        }
      ]
    },
    "silentgear:coating": {
      "armor_durability": {
        "operation": "MULTIPLY_TOTAL",
        "value": 1.1
      },
      "durability": [
        {
          "operation": "MULTIPLY_TOTAL",
          "value": 0.3
        },
        {
          "operation": "ADD",
          "value": 2.0
        }
      ],
      "enchantment_value": {
        "operation": "ADD",
        "value": 7.0
      },
      "harvest_tier": {
        "incorrect_blocks_for_tool": "minecraft:incorrect_for_diamond_tool",
        "level_hint": "3",
        "name": "diamond"
      },
      "traits": [
        {
          "conditions": [],
          "level": 1,
          "trait": "silentgear:ancient"
        }
      ]
    }
  }
}