{
  "type": "silentgear:simple",
  "parent": "silentgear:empty",
  "crafting": {
    "can_salvage": true,
    "categories": [
      "metal",
      "endgame"
    ],
    "gear_type_blacklist": [],
    "ingredient": {
      "item": "cataclysm:ignitium_ingot"
    },
    "part_substitutes": {
      "silentgear:rod": {
        "item": "cataclysm:ignitium_ingot"
      }
    }
  },
  "display": {
    "color": "#ed2405",
    "main_texture_type": "HIGH_CONTRAST",
    "name": {
      "translate": "material.silentgear.ignitium_ingot"
    },
    "name_prefix": ""
  },
  "properties": {
    "silentgear:main": {
      "armor": 24.0,
      "armor/boots": 5.0,
      "armor/chestplate": 7.0,
      "armor/helmet": 4.0,
      "armor/leggings": 8.0,
      "armor_durability": 54.0,
      "armor_toughness": 6.0,
      "attack_damage": 10.0,
      "attack_speed": 0.0,
      "charging_value": 0.5,
      "draw_speed": 1.0,
      "durability": 3500.0,
      "enchantment_value": 29.0,
      "harvest_speed": 42.0,
      "harvest_tier": {
        "incorrect_blocks_for_tool": "silentgear:incorrect_for_tyrian_steel_tools",
        "level_hint": "4",
        "name": "tyrian_steel"
      },
      "magic_armor": 3.0,
      "magic_damage": 1.0,
      "projectile_accuracy": 0.9,
      "projectile_speed": 0.7,
      "ranged_damage": 1.0,
      "rarity": 100.0,
      "repair_value": 0.25,
      "traits": [
        {
          "conditions": [],
          "level": 2,
          "trait": "silentgear:fiery"
        },
        {
          "conditions": [],
          "level": 1,
          "trait": "silentgear:flame_ward"
        },
        {
          "conditions": [],
          "level": 1,
          "trait": "silentgear:magmatic"
        },
        {
          "conditions": [],
          "level": 2,
          "trait": "silentgear:cursed"
        }
      ]
    },
    "silentgear:rod": {
      "durability": {
        "operation": "MULTIPLY_TOTAL",
        "value": -0.3
      },
      "harvest_speed": {
        "operation": "ADD",
        "value": 3.0
      },
      "traits": [
        {
          "conditions": [],
          "level": 2,
          "trait": "silentgear:bending"
        },
        {
          "conditions": [],
          "level": 1,
          "trait": "silentgear:magmatic"
        },
        {
          "conditions": [],
          "level": 2,
          "trait": "silentgear:fiery"
        }
      ]
    },
    "silentgear:tip": {
      "armor_durability": {
        "operation": "MULTIPLY_TOTAL",
        "value": 2.0
      },
      "durability": {
        "operation": "ADD",
        "value": 803.0
      },
      "harvest_tier": {
        "incorrect_blocks_for_tool": "silentgear:incorrect_for_tyrian_steel_tools",
        "level_hint": "4",
        "name": "tyrian_steel"
      },
      "rarity": {
        "operation": "ADD",
        "value": 31.0
      },
      "traits": [
        {
          "conditions": [],
          "level": 2,
          "trait": "silentgear:malleable"
        },
        {
          "conditions": [],
          "level": 1,
          "trait": "silentgear:magmatic"
        },
        {
          "conditions": [],
          "level": 2,
          "trait": "silentgear:fiery"
        }
      ]
    },
    "silentgear:coating": {
      "armor_durability": {
        "operation": "MULTIPLY_TOTAL",
        "value": 1.1
      },
      "armor_toughness": {
        "operation": "ADD",
        "value": 3.0
      },
      "attack_damage": {
        "operation": "MULTIPLY_TOTAL",
        "value": 0.8
      },
      "durability": [
        {
          "operation": "MULTIPLY_TOTAL",
          "value": 0.3
        },
        {
          "operation": "ADD",
          "value": 2.0
        }
      ],
      "enchantment_value": {
        "operation": "ADD",
        "value": 5.0
      },
      "harvest_tier": {
        "incorrect_blocks_for_tool": "minecraft:incorrect_for_netherite_tool",
        "level_hint": "4",
        "name": "netherite"
      },
      "traits": [
        {
          "conditions": [],
          "level": 1,
          "trait": "silentgear:fireproof"
        }
      ]
    }
  }
}