{
  "type": "silentgear:simple",
  "parent": "silentgear:empty",
  "crafting": {
    "can_salvage": true,
    "categories": [
      "gem",
      "advanced"
    ],
    "gear_type_blacklist": [],
    "ingredient": {
      "item": "samurai_dynasty:jade"
    },
    "part_substitutes": {}
  },
  "display": {
    "color": "#0dbd33",
    "main_texture_type": "HIGH_CONTRAST",
    "name": {
      "translate": "gem.silentgems.samurai_dynasty_jade"
    },
    "name_prefix": ""
  },
  "properties": {
    "silentgear:main": {
      "armor": 23.0,
      "armor/boots": 4.0,
      "armor/chestplate": 8.0,
      "armor/helmet": 4.0,
      "armor/leggings": 7.0,
      "armor_durability": 69.0,
      "armor_toughness": 5.0,
      "attack_damage": 4.0,
      "attack_speed": 0.0,
      "charging_value": 1.0,
      "draw_speed": 0.0,
      "durability": 3792.0,
      "enchantment_value": 12.0,
      "harvest_speed": 9.0,
      "harvest_tier": {
        "incorrect_blocks_for_tool": "silentgems:incorrect_for_black_diamond_tools",
        "level_hint": "4",
        "name": "black_diamond"
      },
      "magic_armor": 10.0,
      "ranged_damage": 3.0,
      "rarity": 55.0,
      "traits": [
        {
          "conditions": [],
          "level": 5,
          "trait": "silentgear:holy"
        },
        {
          "conditions": [],
          "level": 2,
          "trait": "silentgear:sturdy"
        },
        {
          "conditions": [],
          "level": 2,
          "trait": "silentgear:synergistic"
        }
      ]
    },
    "silentgear:rod": {},
    "silentgear:setting": {
      "traits": [
        {
          "conditions": [],
          "level": 1,
          "trait": "silentgear:kitty_vison"
        }
      ]
    }
  }
}