{
  "type": "silentgear:simple",
  "parent": "silentgear:empty",
  "crafting": {
    "can_salvage": true,
    "categories": [
      "gem",
      "intermediate"
    ],
    "gear_type_blacklist": [],
    "ingredient": {
      "item": "iss_magicfromtheeast:jade_ore"
    },
    "part_substitutes": {}
  },
  "display": {
    "color": "#0dbd33",
    "main_texture_type": "HIGH_CONTRAST",
    "name": {
      "translate": "gem.silentgems.jade_ore"
    },
    "name_prefix": ""
  },
  "properties": {
    "silentgear:main": {
      "armor": 12.0,
      "armor/boots": 2.0,
      "armor/chestplate": 4.0,
      "armor/helmet": 3.0,
      "armor/leggings": 3.0,
      "armor_durability": 39.0,
      "armor_toughness": 1.0,
      "attack_damage": 6.0,
      "attack_speed": 1.0,
      "charging_value": 0.6,
      "draw_speed": 0.0,
      "durability": 1792.0,
      "enchantment_value": 12.0,
      "harvest_speed": 9.0,
      "harvest_tier": {
        "incorrect_blocks_for_tool": "silentgems:incorrect_for_iron_tools",
        "level_hint": "2",
        "name": "iron"
      },
      "magic_armor": 5.0,
      "ranged_damage": 1.0,
      "rarity": 55.0,
      "traits": [
        {
          "conditions": [],
          "level": 3,
          "trait": "silentgear:holy"
        },
        {
          "conditions": [],
          "level": 1,
          "trait": "silentgear:sturdy"
        },
        {
          "conditions": [],
          "level": 1,
          "trait": "silentgear:synergistic"
        }
      ]
    },
    "silentgear:rod": {},
    "silentgear:setting": {
      "traits": [
        {
          "conditions": [],
          "level": 1,
          "trait": "silentgear:kitty_vison"
        }
      ]
    }
  }
}