{
  "type": "silentgear:simple",
  "parent": "silentgear:empty",
  "crafting": {
    "can_salvage": true,
    "categories": [
      "metal",
      "endgame"
    ],
    "gear_type_blacklist": [],
    "ingredient": {
      "tag": "c:ingots/mithril"
    },
    "part_substitutes": {
      "silentgear:rod": {
        "tag": "c:ingots/mithril"
      }
    }
  },
  "display": {
    "color": "#6f9ce3",
    "main_texture_type": "HIGH_CONTRAST",
    "name": {
      "translate": "Mithril Ingot"
    },
    "name_prefix": ""
  },
  "properties": {
    "silentgear:main": {
      "armor": 20.0,
      "armor/boots": 4.0,
      "armor/chestplate": 7.0,
      "armor/helmet": 5.0,
      "armor/leggings": 4.0,
      "armor_durability": 45.0,
      "armor_toughness": 5.0,
      "attack_damage": 4.0,
      "attack_speed": 0.0,
      "charging_value": 1.2,
      "draw_speed": 1.0,
      "durability": 3500.0,
      "enchantment_value": 39.0,
      "harvest_speed": 42.0,
      "harvest_tier": {
        "incorrect_blocks_for_tool": "silentgear:incorrect_for_tyrian_steel_tools",
        "level_hint": "4",
        "name": "tyrian_steel"
      },
      "magic_armor": 32.0,
      "magic_damage": 18.0,
      "projectile_accuracy": 2.9,
      "projectile_speed": 0.7,
      "ranged_damage": 2.0,
      "rarity": 100.0,
      "repair_value": 0.25,
      "traits": [
        {
          "conditions": [],
          "level": 1,
          "trait": "silentgear:void_ward"
        },
        {
          "conditions": [],
          "level": 1,
          "trait": "silentgear:lustrous"
        },
        {
          "conditions": [],
          "level": 1,
          "trait": "silentgear:malleable"
        },
        {
          "conditions": [],
          "level": 2,
          "trait": "silentgear:moonwalker"
        }
      ]
    },
    "silentgear:rod": {
      "durability": {
        "operation": "MULTIPLY_TOTAL",
        "value": 0.3
      },
      "attack_damage": {
        "operation": "MULTIPLY_TOTAL",
        "value": 0.3
      },
      "harvest_speed": {
        "operation": "ADD",
        "value": 4.0
      },
      "traits": [
        {
          "conditions": [],
          "level": 5,
          "trait": "silentgear:reach"
        },
        {
          "conditions": [],
          "level": 3,
          "trait": "silentgear:lustrous"
        },
        {
          "conditions": [],
          "level": 2,
          "trait": "silentgear:malleable"
        }
      ]
    },
    "silentgear:tip": {
      "harvest_tier": {
        "incorrect_blocks_for_tool": "silentgear:incorrect_for_tyrian_steel_tools",
        "level_hint": "4",
        "name": "tyrian_steel"
      },
      "rarity": {
        "operation": "ADD",
        "value": 31.0
      },
      "traits": [
        {
          "conditions": [],
          "level": 3,
          "trait": "silentgear:refractive"
        },
        {
          "conditions": [],
          "level": 2,
          "trait": "silentgear:reach"
        },
        {
          "conditions": [],
          "level": 3,
          "trait": "silentgear:lustrous"
        }
      ]
    },
    "silentgear:coating": {
      "magic_armor": {
        "operation": "MULTIPLY_TOTAL",
        "value": 1.2
      },
      "armor_toughness": {
        "operation": "ADD",
        "value": 1.0
      },
      "attack_damage": {
        "operation": "ADD",
        "value": 3.0
      },
      "attack_speed": {
        "operation": "MULTIPLY_TOTAL",
        "value": 0.4
      },
      "durability": [
        {
          "operation": "MULTIPLY_TOTAL",
          "value": 0.4
        },
        {
          "operation": "ADD",
          "value": 2.0
        }
      ],
      "enchantment_value": {
        "operation": "ADD",
        "value": 7.0
      },
      "harvest_tier": {
        "incorrect_blocks_for_tool": "minecraft:incorrect_for_netherite_tool",
        "level_hint": "4",
        "name": "netherite"
      },
      "traits": [
        {
          "conditions": [],
          "level": 1,
          "trait": "silentgear:stellar"
        }
      ]
    }
  }
}