{
  "type": "silentgear:simple",
  "parent": "silentgear:empty",
  "crafting": {
    "can_salvage": true,
    "categories": [
      "metal",
      "endgame"
    ],
    "gear_type_blacklist": [],
    "ingredient": {
      "item": "irons_spellbooks:pyrium_ingot"
    },
    "part_substitutes": {
      "silentgear:rod": {
        "item": "irons_spellbooks:pyrium_ingot"
      }
    }
  },
  "display": {
    "color": "#d9a25f",
    "main_texture_type": "HIGH_CONTRAST",
    "name": {
      "translate": "material.silentgear.pyrium_ingot"
    },
    "name_prefix": ""
  },
  "properties": {
    "silentgear:main": {
      "armor": 23.0,
      "armor/boots": 5.0,
      "armor/chestplate": 7.0,
      "armor/helmet": 5.0,
      "armor/leggings": 6.0,
      "armor_durability": 58.0,
      "armor_toughness": 7.0,
      "attack_damage": 6.0,
      "attack_speed": 0.0,
      "charging_value": 1.0,
      "draw_speed": 1.0,
      "durability": 5000.0,
      "enchantment_value": 13.0,
      "harvest_speed": 42.0,
      "harvest_tier": {
        "incorrect_blocks_for_tool": "silentgear:incorrect_for_tyrian_steel_tools",
        "level_hint": "4",
        "name": "tyrian_steel"
      },
      "magic_armor": 2.0,
      "magic_damage": 1.0,
      "projectile_accuracy": 2.9,
      "projectile_speed": 0.7,
      "ranged_damage": 2.0,
      "rarity": 100.0,
      "repair_value": 0.25,
      "traits": [
        {
          "conditions": [],
          "level": 1,
          "trait": "silentgear:flame_ward"
        },
        {
          "conditions": [],
          "level": 1,
          "trait": "silentgear:fiery"
        },
        {
          "conditions": [],
          "level": 4,
          "trait": "silentgear:stellar"
        },
        {
          "conditions": [],
          "level": 1,
          "trait": "silentgear:vulcan"
        }
      ]
    },
    "silentgear:rod": {
      "durability": {
        "operation": "MULTIPLY_TOTAL",
        "value": 1.3
      },
      "attack_damage": {
        "operation": "MULTIPLY_TOTAL",
        "value": 0.5
      },
      "harvest_speed": {
        "operation": "ADD",
        "value": 4.0
      },
      "traits": [
        {
          "conditions": [],
          "level": 5,
          "trait": "silentgear:reach"
        },
        {
          "conditions": [],
          "level": 1,
          "trait": "silentgear:spoon"
        },
        {
          "conditions": [],
          "level": 1,
          "trait": "silentgear:racker"
        }
      ]
    },
    "silentgear:tip": {
      "harvest_tier": {
        "incorrect_blocks_for_tool": "silentgear:incorrect_for_tyrian_steel_tools",
        "level_hint": "4",
        "name": "tyrian_steel"
      },
      "rarity": {
        "operation": "ADD",
        "value": 31.0
      },
      "traits": [
        {
          "conditions": [],
          "level": 3,
          "trait": "silentgear:fiery"
        },
        {
          "conditions": [],
          "level": 2,
          "trait": "silentgear:mighty"
        },
        {
          "conditions": [],
          "level": 3,
          "trait": "silentgear:hard"
        }
      ]
    },
    "silentgear:coating": {
      "armor_durability": {
        "operation": "MULTIPLY_TOTAL",
        "value": 1.2
      },
      "armor_toughness": {
        "operation": "ADD",
        "value": 2.0
      },
      "armor": {
        "operation": "MULTIPLY_TOTAL",
        "value": 0.3
      },
      "durability": [
        {
          "operation": "MULTIPLY_TOTAL",
          "value": 0.4
        },
        {
          "operation": "ADD",
          "value": 2.0
        }
      ],
      "enchantment_value": {
        "operation": "ADD",
        "value": 7.0
      },
      "harvest_tier": {
        "incorrect_blocks_for_tool": "minecraft:incorrect_for_netherite_tool",
        "level_hint": "4",
        "name": "netherite"
      },
      "traits": [
        {
          "conditions": [],
          "level": 1,
          "trait": "silentgear:fireproof"
        }
      ]
    }
  }
}