{
  "type": "silentgear:simple",
  "parent": "silentgear:empty",
  "crafting": {
    "can_salvage": true,
    "categories": [
      "metal",
      "endgame"
    ],
    "gear_type_blacklist": [],
    "ingredient": {
      "item": "iss_magicfromtheeast:refined_jade_ingot"
    },
    "part_substitutes": {
      "silentgear:rod": {
        "item": "iss_magicfromtheeast:refined_jade_ingot"
      }
    }
  },
  "display": {
    "color": "#2fde54",
    "main_texture_type": "HIGH_CONTRAST",
    "name": {
      "translate": "material.silentgear.refined_jade_ingot"
    },
    "name_prefix": ""
  },
  "properties": {
    "silentgear:main": {
      "armor": 22.0,
      "armor/boots": 6.0,
      "armor/chestplate": 6.0,
      "armor/helmet": 5.0,
      "armor/leggings": 5.0,
      "armor_durability": 74.0,
      "armor_toughness": 3.0,
      "attack_damage": 6.0,
      "attack_speed": 0.0,
      "charging_value": 1.1,
      "draw_speed": 1.0,
      "durability": 5000.0,
      "enchantment_value": 29.0,
      "harvest_speed": 42.0,
      "harvest_tier": {
        "incorrect_blocks_for_tool": "silentgear:incorrect_for_tyrian_steel_tools",
        "level_hint": "4",
        "name": "tyrian_steel"
      },
      "magic_armor": 15.0,
      "magic_damage": 9.0,
      "projectile_accuracy": 0.9,
      "projectile_speed": 0.7,
      "ranged_damage": 1.0,
      "rarity": 100.0,
      "repair_value": 0.25,
      "traits": [
        {
          "conditions": [],
          "level": 5,
          "trait": "silentgear:holy"
        },
        {
          "conditions": [],
          "level": 2,
          "trait": "silentgear:sturdy"
        },
        {
          "conditions": [],
          "level": 2,
          "trait": "silentgear:synergistic"
        }
      ]
    },
    "silentgear:rod": {
      "traits": [
        {
          "conditions": [],
          "level": 2,
          "trait": "silentgear:bending"
        },
        {
          "conditions": [],
          "level": 1,
          "trait": "silentgear:soft"
        },
        {
          "conditions": [],
          "level": 2,
          "trait": "silentgear:sharp"
        }
      ]
    },
    "silentgear:tip": {
      "armor_durability": {
        "operation": "MULTIPLY_TOTAL",
        "value": 2.0
      },
      "durability": {
        "operation": "ADD",
        "value": 803.0
      },
      "harvest_tier": {
        "incorrect_blocks_for_tool": "silentgear:incorrect_for_tyrian_steel_tools",
        "level_hint": "4",
        "name": "tyrian_steel"
      },
      "rarity": {
        "operation": "ADD",
        "value": 31.0
      },
      "traits": [
        {
          "conditions": [],
          "level": 5,
          "trait": "silentgear:holy"
        },
        {
          "conditions": [],
          "level": 2,
          "trait": "silentgear:sturdy"
        },
        {
          "conditions": [],
          "level": 5,
          "trait": "silentgear:venom"
        }
      ]
    }
  }
}