{
  "type": "silentgear:simple",
  "parent": "silentgear:empty",
  "crafting": {
    "can_salvage": true,
    "categories": [
      "gem",
      "advanced"
    ],
    "gear_type_blacklist": [],
    "ingredient": {
      "item": "xianxia:spiritstoneg_9"
    },
    "part_substitutes": {}
  },
  "display": {
    "color": "#f5d2ab",
    "main_texture_type": "HIGH_CONTRAST",
    "name": {
      "translate": "gem.silentgems.spiritstoneg_9"
    },
    "name_prefix": ""
  },
  "properties": {
    "silentgear:main": {
      "armor": 25.0,
      "armor/boots": 6.0,
      "armor/chestplate": 7.0,
      "armor/helmet": 6.0,
      "armor/leggings": 6.0,
      "armor_durability": 90.0,
      "armor_toughness": 7.0,
      "attack_damage": 6.0,
      "attack_speed": 0.0,
      "charging_value": 0.1,
      "draw_speed": 0.0,
      "durability": 7392.0,
      "enchantment_value": 12.0,
      "harvest_speed": 75.0,
      "harvest_tier": {
        "incorrect_blocks_for_tool": "silentgems:incorrect_for_black_diamond_tools",
        "level_hint": "4",
        "name": "black_diamond"
      },
      "magic_armor": 14.0,
      "ranged_damage": 7.0,
      "rarity": 100.0,
      "traits": [
        {
          "conditions": [],
          "level": 5,
          "trait": "silentgear:holy"
        },
        {
          "conditions": [],
          "level": 5,
          "trait": "silentgear:renew"
        },
        {
          "conditions": [],
          "level": 5,
          "trait": "silentgear:bastion"
        },
        {
          "conditions": [],
          "level": 2,
          "trait": "silentgear:sturdy"
        },
        {
          "conditions": [],
          "level": 4,
          "trait": "silentgear:synergistic"
        }
      ]
    },
    "silentgear:rod": {},
    "silentgear:setting": {
      "traits": [
        {
          "conditions": [],
          "level": 1,
          "trait": "silentgear:cure_poison"
        },{
          "conditions": [],
          "level": 1,
          "trait": "silentgear:cure_wither"
        },{
          "conditions": [],
          "level": 1,
          "trait": "silentgear:turtle"
        }
      ]
    }
  }
}