{
  "type": "silentgear:simple",
  "parent": "silentgear:empty",
  "crafting": {
    "can_salvage": true,
    "categories": [
      "gem",
      "basic"
    ],
    "gear_type_blacklist": [],
    "ingredient": {
      "item": "xianxia:spiritstoneg_3"
    },
    "part_substitutes": {}
  },
  "display": {
    "color": "#ffe1bf",
    "main_texture_type": "HIGH_CONTRAST",
    "name": {
      "translate": "gem.silentgems.spiritstoneg_3"
    },
    "name_prefix": ""
  },
  "properties": {
    "silentgear:main": {
      "armor": 8.0,
      "armor/boots": 2.0,
      "armor/chestplate": 2.0,
      "armor/helmet": 2.0,
      "armor/leggings": 2.0,
      "armor_durability": 30.0,
      "armor_toughness": 1.0,
      "attack_damage": 2.0,
      "attack_speed": 1.0,
      "charging_value": 0.7,
      "draw_speed": 0.0,
      "durability": 1092.0,
      "enchantment_value": 12.0,
      "harvest_speed": 12.0,
      "harvest_tier": {
        "incorrect_blocks_for_tool": "silentgems:incorrect_for_iron_tools",
        "level_hint": "2",
        "name": "iron"
      },
      "magic_armor": 5.0,
      "ranged_damage": 1.0,
      "rarity": 55.0,
      "traits": [
        {
          "conditions": [],
          "level": 1,
          "trait": "silentgear:refractive"
        },
        {
          "conditions": [],
          "level": 1,
          "trait": "silentgear:sturdy"
        },
        {
          "conditions": [],
          "level": 1,
          "trait": "silentgear:synergistic"
        }
      ]
    }
  }
}