{
  "type": "silentgear:simple",
  "parent": "silentgear:empty",
  "crafting": {
    "can_salvage": true,
    "categories": [
      "metal",
      "endgame"
    ],
    "gear_type_blacklist": [],
    "ingredient": {
      "item": "cataclysm:witherite_ingot"
    },
    "part_substitutes": {}
  },
  "display": {
    "color": "#543333",
    "main_texture_type": "HIGH_CONTRAST",
    "name": {
      "translate": "material.silentgear.witherite_ingot"
    },
    "name_prefix": ""
  },
  "properties": {
    "silentgear:main": {
      "armor": 22.0,
      "armor/boots": 5.0,
      "armor/chestplate": 6.0,
      "armor/helmet": 6.0,
      "armor/leggings": 5.0,
      "armor_durability": 67.0,
      "armor_toughness": 7.0,
      "attack_damage": 1.0,
      "attack_speed": 4.0,
      "charging_value": 1.4,
      "draw_speed": 3.0,
      "durability": 3500.0,
      "enchantment_value": 29.0,
      "harvest_speed": 42.0,
      "harvest_tier": {
        "incorrect_blocks_for_tool": "silentgear:incorrect_for_tyrian_steel_tools",
        "level_hint": "4",
        "name": "tyrian_steel"
      },
      "magic_armor": 10.0,
      "magic_damage": 3.0,
      "projectile_accuracy": 1.9,
      "projectile_speed": 2.7,
      "ranged_damage": 2.0,
      "rarity": 75.0,
      "repair_value": 0.25,
      "traits": [
        {
          "conditions": [],
          "level": 1,
          "trait": "silentgear:void_ward"
        },
        {
          "conditions": [],
          "level": 1,
          "trait": "silentgear:magnetic"
        }
      ]
    },
    "silentgear:rod": {
      "durability": {
        "operation": "MULTIPLY_TOTAL",
        "value": 0.3
      },
      "harvest_speed": {
        "operation": "ADD",
        "value": 3.0
      },
      "traits": [
        {
          "conditions": [],
          "level": 1,
          "trait": "silentgear:renew"
        },
        {
          "conditions": [],
          "level": 1,
          "trait": "silentgear:magnetic"
        },
        {
          "conditions": [],
          "level": 3,
          "trait": "silentgear:synergistic"
        }
      ]
    },
    "silentgear:tip": {
      "armor_durability": {
        "operation": "MULTIPLY_TOTAL",
        "value": 2.0
      },
      "durability": {
        "operation": "ADD",
        "value": 803.0
      },
      "harvest_tier": {
        "incorrect_blocks_for_tool": "silentgear:incorrect_for_tyrian_steel_tools",
        "level_hint": "4",
        "name": "tyrian_steel"
      },
      "rarity": {
        "operation": "ADD",
        "value": 31.0
      },
      "traits": [
        {
          "conditions": [],
          "level": 1,
          "trait": "silentgear:indestructible"
        },
        {
          "conditions": [],
          "level": 1,
          "trait": "silentgear:magnetic"
        },{
          "conditions": [],
          "level": 1,
          "trait": "silentgear:void_ward"
        }
      ]
    }
  }
}